S/N,Full Name,Zedu Username,Github Email,GitHub URL 
1,Edafe Akpokiniovo,Edafe,edafem@gmail.com,
2,Samuel Mukoro,samuel mukoro,mukorosamuel9@gmail.com,
3,Yolanda Amos ,yolanda amos,yolandaamos016@gmail.com,https://github.com/Yolanda-Amos
4,Helen Agbro,Helen Agbro,helenagbro219@gmail.com,
5,Umunnakwe Clara Chioma,CeeCee-Clara,claraumunnakwe@gmail.com,
6,Awosika Ayomide,awosika_ayomide,ayomideoluwafemi2019@gmail.com,
7,Abd Kabeer Salako,Abd Kabeer,Salakokabeer2004@gmail.com,
8,Brian Ibekwe ,Monkey Monkey,brianibekwe241@gmail.com,
9,Reneilwe Taunyane ,Reneilwe-Taunyane ,rm.taunyane3@gmail.com,
10,Timothy Mayor,tsmayor,tsmayorllc@gmail.com,
11,Funsho Kamoru,Funsho Kamoru,funshokamoru@gmail.com,
12,baruwa abdul-azeez,abdul-azeez mayowa,mayorkunabdulazeez01@gmail.com,https://github.com/MAYOR-001-star
13,Barakat Oladejo,Barakat_O,oladejoolaoluwa7@gmail.com ,
14,Charles Nwaobasi,Igwecharles,charlesnwaobasi07@gmail.com,https://github.com/Mazicharles
15,Drenkat Nathan Nankaham,KIZZYDEDESIGNER,ndrenkat@gmail.com,
16,Mustapha Agboola,MustaphaAgboola,mustaphaagboola1@yahoo.com,
17,Nie Osaoboh,nieosas,slinnosas@gmail.com,
18,Ali Ogochukwu Peter,Ali-Peter,aliogochukwu06@gmail.com,
19,Ayodeji Saberedowo,sabhayor,ayodejisaberedowo@gmail.com,https://github.com/Sabhayor
20,Jennifer Francis,Jenie,jennfranc18@gmail.com,
21,Olubunmi Elegbeleye ,Bunnies ,loiszy5@outlook.com,https://github.com/Olubunmielegbeleye
22,Folorunso Tolulope,Tolulope_builds,tolufolorunso@yahoo.com,https://github.com/Tolufolorunso
23,Ibrahim Joy,Joy/tolhim17,tolhim17@gmail.com,
24,Richard oduh,richard_oduh,richardoduh4110@gmail.com,
25,Ikeanyionwu Blessing Ngozi,PurpleTechie ,blessingikeanyionwu70@gmail.com,
26,Faith Dombe,faith.dombe04,faith.dombe04@gmail.com,https://github.com/FaithDombe
27,Benjamin Umeh ,Benjamin,elevatebenjamin@gmail.com,https://github.com/Benjam1n7
28,Felicia Kowontan,bunmiadejoke1,bunmiadejoke1@yahoo.com,https://github.com/bunmiadejoke1
29,Jehoshaphat Martins,Song Martins,martinsjehoshaphat@gmail.com,https://github.com/thesongmartins
30,Jasmine Daniel,Theneverdone,jasminedaniel046@gmail.com,
31,Adamolekun Samuel,Adams Teni,kingteni3000@gmail.com,https://github.com/Adamsteni
32,Dennis Nwokocha,Dennis,officialdennis.nwokocha@gmail.com ,https://github.com/witty-denn
33,Evangel Akinfesola, evangeli amos,evon12ea@gmail.com,https://github.com/Evanny787/Data-science
34,Okeugo Chidi Nzubechi ,Jahswill,okeugo.nzube@gmail.com,https://github.com/Okeugo
35,Raphael Eze,Raphblink,raphaelifeanyieze@gmail.com,https://github.com/donfitex